feature,lag,target,r
PM10,0,AQI_t+1,0.539692717807295
PM10,0,AQI_t+2,0.35410108156994163
PM10,0,AQI_t+3,0.23001831054928865
PM10,1,AQI_t+1,0.35432320776111725
PM10,1,AQI_t+2,0.23024789654332542
PM10,1,AQI_t+3,0.14908123425936795
PM10,2,AQI_t+1,0.23066348046756516
PM10,2,AQI_t+2,0.14948606149786803
PM10,2,AQI_t+3,0.11462669490780025
PM10,3,AQI_t+1,0.149755734637851
PM10,3,AQI_t+2,0.11487111601673367
PM10,3,AQI_t+3,0.10085280527404789
PM10,4,AQI_t+1,0.11523083153037642
PM10,4,AQI_t+2,0.10116989999933279
PM10,4,AQI_t+3,0.07602389041931577
PM10,5,AQI_t+1,0.10151303505944793
PM10,5,AQI_t+2,0.07633053018956551
PM10,5,AQI_t+3,0.05138520652508689
PM10,6,AQI_t+1,0.07653567899739806
PM10,6,AQI_t+2,0.05156918318008508
PM10,6,AQI_t+3,0.024933497772625303
PM10,7,AQI_t+1,0.05177366400207482
PM10,7,AQI_t+2,0.02511692706090532
PM10,7,AQI_t+3,0.013677221718348117
NO2,0,AQI_t+1,0.6543583638924749
NO2,0,AQI_t+2,0.5431987357615257
NO2,0,AQI_t+3,0.49806995429065826
NO2,1,AQI_t+1,0.5433269047300359
NO2,1,AQI_t+2,0.49819273336312925
NO2,1,AQI_t+3,0.47691268319229047
NO2,2,AQI_t+1,0.49810509097022165
NO2,2,AQI_t+2,0.47684722077882397
NO2,2,AQI_t+3,0.488658274669709
NO2,3,AQI_t+1,0.475706743096917
NO2,3,AQI_t+2,0.4876124037014286
NO2,3,AQI_t+3,0.48385055029315394
NO2,4,AQI_t+1,0.4857701495889442
NO2,4,AQI_t+2,0.48215769742004844
NO2,4,AQI_t+3,0.46247525285412466
NO2,5,AQI_t+1,0.4821183513419641
NO2,5,AQI_t+2,0.46245141098130094
NO2,5,AQI_t+3,0.45156488117831606
NO2,6,AQI_t+1,0.4616211117507832
NO2,6,AQI_t+2,0.45082652103639315
NO2,6,AQI_t+3,0.44578601736545914
NO2,7,AQI_t+1,0.45007669930200606
NO2,7,AQI_t+2,0.44511868252982856
NO2,7,AQI_t+3,0.4499026446947323
SO2,0,AQI_t+1,0.7206401094166961
SO2,0,AQI_t+2,0.613981051116783
SO2,0,AQI_t+3,0.5618683316088812
SO2,1,AQI_t+1,0.6140472258920444
SO2,1,AQI_t+2,0.5619405760067044
SO2,1,AQI_t+3,0.530581489339925
SO2,2,AQI_t+1,0.5616651182208974
SO2,2,AQI_t+2,0.5303526382353655
SO2,2,AQI_t+3,0.5320398633155714
SO2,3,AQI_t+1,0.5279564135763231
SO2,3,AQI_t+2,0.5298049548803083
SO2,3,AQI_t+3,0.5241883180835815
SO2,4,AQI_t+1,0.5245874717781356
SO2,4,AQI_t+2,0.5192664050286946
SO2,4,AQI_t+3,0.509882303197607
SO2,5,AQI_t+1,0.5182540184255776
SO2,5,AQI_t+2,0.5089736329172959
SO2,5,AQI_t+3,0.4976266547358422
SO2,6,AQI_t+1,0.5048476079997642
SO2,6,AQI_t+2,0.493784778093348
SO2,6,AQI_t+3,0.4854691831512183
SO2,7,AQI_t+1,0.4922406329633477
SO2,7,AQI_t+2,0.4840637756584644
SO2,7,AQI_t+3,0.481182328943529
O3,0,AQI_t+1,0.5286143792394977
O3,0,AQI_t+2,0.4405123576393471
O3,0,AQI_t+3,0.3796640729188745
O3,1,AQI_t+1,0.44078147129229994
O3,1,AQI_t+2,0.379915732712322
O3,1,AQI_t+3,0.3365445153445116
O3,2,AQI_t+1,0.3796926495439654
O3,2,AQI_t+2,0.336361209903125
O3,2,AQI_t+3,0.3049469642894741
O3,3,AQI_t+1,0.3363995495800145
O3,3,AQI_t+2,0.30498951739942665
O3,3,AQI_t+3,0.29271165630932316
O3,4,AQI_t+1,0.3052407289622433
O3,4,AQI_t+2,0.2929312049562295
O3,4,AQI_t+3,0.28980669262536685
O3,5,AQI_t+1,0.2921617408814572
O3,5,AQI_t+2,0.2891225406128784
O3,5,AQI_t+3,0.27794718591735457
O3,6,AQI_t+1,0.288544819953065
O3,6,AQI_t+2,0.2774411557174977
O3,6,AQI_t+3,0.2601302778813625
O3,7,AQI_t+1,0.2772169755163731
O3,7,AQI_t+2,0.2599404452550759
O3,7,AQI_t+3,0.25459132318225536
log_PM2_5,0,AQI_t+1,0.8953566046459874
log_PM2_5,0,AQI_t+2,0.687493853621446
log_PM2_5,0,AQI_t+3,0.563538557982984
log_PM2_5,1,AQI_t+1,0.687493853621446
log_PM2_5,1,AQI_t+2,0.563538557982984
log_PM2_5,1,AQI_t+3,0.4899488560611346
log_PM2_5,2,AQI_t+1,0.563538557982984
log_PM2_5,2,AQI_t+2,0.4899488560611346
log_PM2_5,2,AQI_t+3,0.46297304539652623
log_PM2_5,3,AQI_t+1,0.4899488560611346
log_PM2_5,3,AQI_t+2,0.46297304539652623
log_PM2_5,3,AQI_t+3,0.4542888080169648
log_PM2_5,4,AQI_t+1,0.46297304539652623
log_PM2_5,4,AQI_t+2,0.4542888080169648
log_PM2_5,4,AQI_t+3,0.43589232903846775
log_PM2_5,5,AQI_t+1,0.4542888080169648
log_PM2_5,5,AQI_t+2,0.43589232903846775
log_PM2_5,5,AQI_t+3,0.4119270827128442
log_PM2_5,6,AQI_t+1,0.43589232903846775
log_PM2_5,6,AQI_t+2,0.4119270827128442
log_PM2_5,6,AQI_t+3,0.3892172271225827
log_PM2_5,7,AQI_t+1,0.4119270827128442
log_PM2_5,7,AQI_t+2,0.3892172271225827
log_PM2_5,7,AQI_t+3,0.38269328382231704
log_CO,0,AQI_t+1,0.6690216460623938
log_CO,0,AQI_t+2,0.5723848589389722
log_CO,0,AQI_t+3,0.5211438400206548
log_CO,1,AQI_t+1,0.5723848589389722
log_CO,1,AQI_t+2,0.5211438400206548
log_CO,1,AQI_t+3,0.500814151164627
log_CO,2,AQI_t+1,0.5211438400206548
log_CO,2,AQI_t+2,0.500814151164627
log_CO,2,AQI_t+3,0.49949163113535444
log_CO,3,AQI_t+1,0.500814151164627
log_CO,3,AQI_t+2,0.49949163113535444
log_CO,3,AQI_t+3,0.49441830749574
log_CO,4,AQI_t+1,0.49949163113535444
log_CO,4,AQI_t+2,0.49441830749574
log_CO,4,AQI_t+3,0.4853277016511216
log_CO,5,AQI_t+1,0.49441830749574
log_CO,5,AQI_t+2,0.4853277016511216
log_CO,5,AQI_t+3,0.4756645608963802
log_CO,6,AQI_t+1,0.4853277016511216
log_CO,6,AQI_t+2,0.4756645608963802
log_CO,6,AQI_t+3,0.46870189402572493
log_CO,7,AQI_t+1,0.4756645608963802
log_CO,7,AQI_t+2,0.46870189402572493
log_CO,7,AQI_t+3,0.47113269825757687
Temperature,0,AQI_t+1,-0.44620418901100223
Temperature,0,AQI_t+2,-0.44784337639047034
Temperature,0,AQI_t+3,-0.4561474157493682
Temperature,1,AQI_t+1,-0.4479389559594597
Temperature,1,AQI_t+2,-0.45623358047951634
Temperature,1,AQI_t+3,-0.4597596057703641
Temperature,2,AQI_t+1,-0.4563290611314864
Temperature,2,AQI_t+2,-0.4598464579315847
Temperature,2,AQI_t+3,-0.4587047706615237
Temperature,3,AQI_t+1,-0.45992349125016646
Temperature,3,AQI_t+2,-0.45877723511546514
Temperature,3,AQI_t+3,-0.44871633539604794
Temperature,4,AQI_t+1,-0.4588597979565325
Temperature,4,AQI_t+2,-0.44879484718746027
Temperature,4,AQI_t+3,-0.43753365529504684
Temperature,5,AQI_t+1,-0.44886320137483543
Temperature,5,AQI_t+2,-0.43760041073007205
Temperature,5,AQI_t+3,-0.4367585376466329
Temperature,6,AQI_t+1,-0.43763793936642753
Temperature,6,AQI_t+2,-0.4367976945143494
Temperature,6,AQI_t+3,-0.44058682361468204
Temperature,7,AQI_t+1,-0.4369169821520367
Temperature,7,AQI_t+2,-0.44069299439417947
Temperature,7,AQI_t+3,-0.44230872205712013
Humidity,0,AQI_t+1,-0.4016266257788401
Humidity,0,AQI_t+2,-0.35468610748054435
Humidity,0,AQI_t+3,-0.3290499503326729
Humidity,1,AQI_t+1,-0.3550222309653627
Humidity,1,AQI_t+2,-0.32933929359921876
Humidity,1,AQI_t+3,-0.3257928999241767
Humidity,2,AQI_t+1,-0.3297007375358886
Humidity,2,AQI_t+2,-0.3260880130669244
Humidity,2,AQI_t+3,-0.3383100453070164
Humidity,3,AQI_t+1,-0.3264455176750506
Humidity,3,AQI_t+2,-0.33859191671048466
Humidity,3,AQI_t+3,-0.35546234525155973
Humidity,4,AQI_t+1,-0.3389388690426499
Humidity,4,AQI_t+2,-0.35573108677604
Humidity,4,AQI_t+3,-0.34391209424710145
Humidity,5,AQI_t+1,-0.3560339325548751
Humidity,5,AQI_t+2,-0.34416844934897173
Humidity,5,AQI_t+3,-0.3156027110526701
Humidity,6,AQI_t+1,-0.34450836834038684
Humidity,6,AQI_t+2,-0.3158986682209847
Humidity,6,AQI_t+3,-0.2917777883892864
Humidity,7,AQI_t+1,-0.31625383947949287
Humidity,7,AQI_t+2,-0.292086121984216
Humidity,7,AQI_t+3,-0.27662745067770406
Precipitation,0,AQI_t+1,
Precipitation,0,AQI_t+2,
Precipitation,0,AQI_t+3,
Precipitation,1,AQI_t+1,-0.017229897628036908
Precipitation,1,AQI_t+2,-0.015022863754459844
Precipitation,1,AQI_t+3,-0.014357457926955657
Precipitation,2,AQI_t+1,-0.022141088259594086
Precipitation,2,AQI_t+2,-0.019870635931891673
Precipitation,2,AQI_t+3,-0.018909307517885197
Precipitation,3,AQI_t+1,-0.025568423107723552
Precipitation,3,AQI_t+2,-0.02369989026194043
Precipitation,3,AQI_t+3,-0.02245000740384749
Precipitation,4,AQI_t+1,-0.028017790922280437
Precipitation,4,AQI_t+2,-0.02550343735242376
Precipitation,4,AQI_t+3,-0.023563114248985103
Precipitation,5,AQI_t+1,-0.029989325190305522
Precipitation,5,AQI_t+2,-0.027052643267936723
Precipitation,5,AQI_t+3,-0.024507642432641637
Precipitation,6,AQI_t+1,-0.031284057108474386
Precipitation,6,AQI_t+2,-0.028143407719885355
Precipitation,6,AQI_t+3,-0.0262243687297428
Precipitation,7,AQI_t+1,-0.030708217072530856
Precipitation,7,AQI_t+2,-0.02779120712037024
Precipitation,7,AQI_t+3,-0.02668652053062334
wind_speed,0,AQI_t+1,-0.3798310679573737
wind_speed,0,AQI_t+2,-0.3315091585098833
wind_speed,0,AQI_t+3,-0.3146546672091109
wind_speed,1,AQI_t+1,-0.3318635838914095
wind_speed,1,AQI_t+2,-0.3149115259945431
wind_speed,1,AQI_t+3,-0.30405123129948486
wind_speed,2,AQI_t+1,-0.31521039104738074
wind_speed,2,AQI_t+2,-0.30430797128597453
wind_speed,2,AQI_t+3,-0.29001778423048924
wind_speed,3,AQI_t+1,-0.3036810486997756
wind_speed,3,AQI_t+2,-0.28946858334405406
wind_speed,3,AQI_t+3,-0.27217358856387214
wind_speed,4,AQI_t+1,-0.2892728706847907
wind_speed,4,AQI_t+2,-0.27200891286301837
wind_speed,4,AQI_t+3,-0.2692305624193893
wind_speed,5,AQI_t+1,-0.272200603661603
wind_speed,5,AQI_t+2,-0.26939884581101803
wind_speed,5,AQI_t+3,-0.27208042332376464
wind_speed,6,AQI_t+1,-0.2695599367576555
wind_speed,6,AQI_t+2,-0.27222202246283544
wind_speed,6,AQI_t+3,-0.2786190220821888
wind_speed,7,AQI_t+1,-0.27268924152737933
wind_speed,7,AQI_t+2,-0.278985170158227
wind_speed,7,AQI_t+3,-0.29860217722477456
